"Page","X2015.07.01","X2015.07.02","X2015.07.03","X2015.07.04","X2015.07.05","X2015.07.06","X2015.07.07","X2015.07.08","X2015.07.09","X2015.07.10","X2015.07.11","X2015.07.12","X2015.07.13","X2015.07.14","X2015.07.15","X2015.07.16","X2015.07.17","X2015.07.18","X2015.07.19","X2015.07.20","X2015.07.21","X2015.07.22","X2015.07.23","X2015.07.24","X2015.07.25","X2015.07.26","X2015.07.27","X2015.07.28","X2015.07.29","X2015.07.30","X2015.07.31","X2015.08.01","X2015.08.02","X2015.08.03","X2015.08.04","X2015.08.05","X2015.08.06","X2015.08.07","X2015.08.08","X2015.08.09","X2015.08.10","X2015.08.11","X2015.08.12","X2015.08.13","X2015.08.14","X2015.08.15","X2015.08.16","X2015.08.17","X2015.08.18","X2015.08.19","X2015.08.20","X2015.08.21","X2015.08.22","X2015.08.23","X2015.08.24","X2015.08.25","X2015.08.26","X2015.08.27","X2015.08.28","X2015.08.29","X2015.08.30","X2015.08.31","X2015.09.01","X2015.09.02","X2015.09.03","X2015.09.04","X2015.09.05","X2015.09.06","X2015.09.07","X2015.09.08","X2015.09.09","X2015.09.10","X2015.09.11","X2015.09.12","X2015.09.13","X2015.09.14","X2015.09.15","X2015.09.16","X2015.09.17","X2015.09.18","X2015.09.19","X2015.09.20","X2015.09.21","X2015.09.22","X2015.09.23","X2015.09.24","X2015.09.25","X2015.09.26","X2015.09.27","X2015.09.28","X2015.09.29","X2015.09.30","X2015.10.01","X2015.10.02","X2015.10.03","X2015.10.04","X2015.10.05","X2015.10.06","X2015.10.07","X2015.10.08","X2015.10.09","X2015.10.10","X2015.10.11","X2015.10.12","X2015.10.13","X2015.10.14","X2015.10.15","X2015.10.16","X2015.10.17","X2015.10.18","X2015.10.19","X2015.10.20","X2015.10.21","X2015.10.22","X2015.10.23","X2015.10.24","X2015.10.25","X2015.10.26","X2015.10.27","X2015.10.28","X2015.10.29","X2015.10.30","X2015.10.31","X2015.11.01","X2015.11.02","X2015.11.03","X2015.11.04","X2015.11.05","X2015.11.06","X2015.11.07","X2015.11.08","X2015.11.09","X2015.11.10","X2015.11.11","X2015.11.12","X2015.11.13","X2015.11.14","X2015.11.15","X2015.11.16","X2015.11.17","X2015.11.18","X2015.11.19","X2015.11.20","X2015.11.21","X2015.11.22","X2015.11.23","X2015.11.24","X2015.11.25","X2015.11.26","X2015.11.27","X2015.11.28","X2015.11.29","X2015.11.30","X2015.12.01","X2015.12.02","X2015.12.03","X2015.12.04","X2015.12.05","X2015.12.06","X2015.12.07","X2015.12.08","X2015.12.09","X2015.12.10","X2015.12.11","X2015.12.12","X2015.12.13","X2015.12.14","X2015.12.15","X2015.12.16","X2015.12.17","X2015.12.18","X2015.12.19","X2015.12.20","X2015.12.21","X2015.12.22","X2015.12.23","X2015.12.24","X2015.12.25","X2015.12.26","X2015.12.27","X2015.12.28","X2015.12.29","X2015.12.30","X2015.12.31","X2016.01.01","X2016.01.02","X2016.01.03","X2016.01.04","X2016.01.05","X2016.01.06","X2016.01.07","X2016.01.08","X2016.01.09","X2016.01.10","X2016.01.11","X2016.01.12","X2016.01.13","X2016.01.14","X2016.01.15","X2016.01.16","X2016.01.17","X2016.01.18","X2016.01.19","X2016.01.20","X2016.01.21","X2016.01.22","X2016.01.23","X2016.01.24","X2016.01.25","X2016.01.26","X2016.01.27","X2016.01.28","X2016.01.29","X2016.01.30","X2016.01.31","X2016.02.01","X2016.02.02","X2016.02.03","X2016.02.04","X2016.02.05","X2016.02.06","X2016.02.07","X2016.02.08","X2016.02.09","X2016.02.10","X2016.02.11","X2016.02.12","X2016.02.13","X2016.02.14","X2016.02.15","X2016.02.16","X2016.02.17","X2016.02.18","X2016.02.19","X2016.02.20","X2016.02.21","X2016.02.22","X2016.02.23","X2016.02.24","X2016.02.25","X2016.02.26","X2016.02.27","X2016.02.28","X2016.02.29","X2016.03.01","X2016.03.02","X2016.03.03","X2016.03.04","X2016.03.05","X2016.03.06","X2016.03.07","X2016.03.08","X2016.03.09","X2016.03.10","X2016.03.11","X2016.03.12","X2016.03.13","X2016.03.14","X2016.03.15","X2016.03.16","X2016.03.17","X2016.03.18","X2016.03.19","X2016.03.20","X2016.03.21","X2016.03.22","X2016.03.23","X2016.03.24","X2016.03.25","X2016.03.26","X2016.03.27","X2016.03.28","X2016.03.29","X2016.03.30","X2016.03.31","X2016.04.01","X2016.04.02","X2016.04.03","X2016.04.04","X2016.04.05","X2016.04.06","X2016.04.07","X2016.04.08","X2016.04.09","X2016.04.10","X2016.04.11","X2016.04.12","X2016.04.13","X2016.04.14","X2016.04.15","X2016.04.16","X2016.04.17","X2016.04.18","X2016.04.19","X2016.04.20","X2016.04.21","X2016.04.22","X2016.04.23","X2016.04.24","X2016.04.25","X2016.04.26","X2016.04.27","X2016.04.28","X2016.04.29","X2016.04.30","X2016.05.01","X2016.05.02","X2016.05.03","X2016.05.04","X2016.05.05","X2016.05.06","X2016.05.07","X2016.05.08","X2016.05.09","X2016.05.10","X2016.05.11","X2016.05.12","X2016.05.13","X2016.05.14","X2016.05.15","X2016.05.16","X2016.05.17","X2016.05.18","X2016.05.19","X2016.05.20","X2016.05.21","X2016.05.22","X2016.05.23","X2016.05.24","X2016.05.25","X2016.05.26","X2016.05.27","X2016.05.28","X2016.05.29","X2016.05.30","X2016.05.31","X2016.06.01","X2016.06.02","X2016.06.03","X2016.06.04","X2016.06.05","X2016.06.06","X2016.06.07","X2016.06.08","X2016.06.09","X2016.06.10","X2016.06.11","X2016.06.12","X2016.06.13","X2016.06.14","X2016.06.15","X2016.06.16","X2016.06.17","X2016.06.18","X2016.06.19","X2016.06.20","X2016.06.21","X2016.06.22","X2016.06.23","X2016.06.24","X2016.06.25","X2016.06.26","X2016.06.27","X2016.06.28","X2016.06.29","X2016.06.30","X2016.07.01","X2016.07.02","X2016.07.03","X2016.07.04","X2016.07.05","X2016.07.06","X2016.07.07","X2016.07.08","X2016.07.09","X2016.07.10","X2016.07.11","X2016.07.12","X2016.07.13","X2016.07.14","X2016.07.15","X2016.07.16","X2016.07.17","X2016.07.18","X2016.07.19","X2016.07.20","X2016.07.21","X2016.07.22","X2016.07.23","X2016.07.24","X2016.07.25","X2016.07.26","X2016.07.27","X2016.07.28","X2016.07.29","X2016.07.30","X2016.07.31","X2016.08.01","X2016.08.02","X2016.08.03","X2016.08.04","X2016.08.05","X2016.08.06","X2016.08.07","X2016.08.08","X2016.08.09","X2016.08.10","X2016.08.11","X2016.08.12","X2016.08.13","X2016.08.14","X2016.08.15","X2016.08.16","X2016.08.17","X2016.08.18","X2016.08.19","X2016.08.20","X2016.08.21","X2016.08.22","X2016.08.23","X2016.08.24","X2016.08.25","X2016.08.26","X2016.08.27","X2016.08.28","X2016.08.29","X2016.08.30","X2016.08.31","X2016.09.01","X2016.09.02","X2016.09.03","X2016.09.04","X2016.09.05","X2016.09.06","X2016.09.07","X2016.09.08","X2016.09.09","X2016.09.10","X2016.09.11","X2016.09.12","X2016.09.13","X2016.09.14","X2016.09.15","X2016.09.16","X2016.09.17","X2016.09.18","X2016.09.19","X2016.09.20","X2016.09.21","X2016.09.22","X2016.09.23","X2016.09.24","X2016.09.25","X2016.09.26","X2016.09.27","X2016.09.28","X2016.09.29","X2016.09.30","X2016.10.01","X2016.10.02","X2016.10.03","X2016.10.04","X2016.10.05","X2016.10.06","X2016.10.07","X2016.10.08","X2016.10.09","X2016.10.10","X2016.10.11","X2016.10.12","X2016.10.13","X2016.10.14","X2016.10.15","X2016.10.16","X2016.10.17","X2016.10.18","X2016.10.19","X2016.10.20","X2016.10.21","X2016.10.22","X2016.10.23","X2016.10.24","X2016.10.25","X2016.10.26","X2016.10.27","X2016.10.28","X2016.10.29","X2016.10.30","X2016.10.31","X2016.11.01","X2016.11.02","X2016.11.03","X2016.11.04","X2016.11.05","X2016.11.06","X2016.11.07","X2016.11.08","X2016.11.09","X2016.11.10","X2016.11.11","X2016.11.12","X2016.11.13","X2016.11.14","X2016.11.15","X2016.11.16","X2016.11.17","X2016.11.18","X2016.11.19","X2016.11.20","X2016.11.21","X2016.11.22","X2016.11.23","X2016.11.24","X2016.11.25","X2016.11.26","X2016.11.27","X2016.11.28","X2016.11.29","X2016.11.30","X2016.12.01","X2016.12.02","X2016.12.03","X2016.12.04","X2016.12.05","X2016.12.06","X2016.12.07","X2016.12.08","X2016.12.09","X2016.12.10","X2016.12.11","X2016.12.12","X2016.12.13","X2016.12.14","X2016.12.15","X2016.12.16","X2016.12.17","X2016.12.18","X2016.12.19","X2016.12.20","X2016.12.21","X2016.12.22","X2016.12.23","X2016.12.24","X2016.12.25","X2016.12.26","X2016.12.27","X2016.12.28","X2016.12.29","X2016.12.30","X2016.12.31"
"Howard_Hughes_en.wikipedia.org_desktop_all-agents",75357,5396,3832,3856,4025,7108,4569,3739,9293,4574,3597,3621,4155,3181,2933,3071,3087,3328,3469,3274,2910,3877,2922,2766,4010,3974,3831,3226,2603,2694,2490,2375,2724,2999,3066,2976,2684,2585,2459,2489,2608,2771,2806,2546,2426,2091,2395,2977,2908,2482,2444,2746,2314,2750,3212,2724,2486,2574,2385,2084,2531,2698,2492,2421,2572,2461,1943,2340,2789,3819,3419,2417,3118,3225,2704,2654,2743,2419,2357,2196,1889,2549,2681,2662,3246,2473,2283,1946,2338,2659,2745,2709,2526,2397,2640,3464,2833,2487,2511,2512,2233,2078,2307,2539,3037,2695,3430,3557,2466,4457,3064,2634,2484,2364,2510,2570,2591,2621,2757,2511,2408,2225,1690,2295,4590,3687,2604,2600,3125,3049,2660,3650,3016,2640,2682,2497,2383,2431,2758,2682,2615,2814,2301,1996,2227,2836,2652,2274,2139,2048,2413,2615,2855,2855,2781,2580,2747,2495,3107,3136,3022,2926,2839,3043,2869,2859,3196,2941,2787,3148,2656,2199,2547,3020,2588,2412,3039,2059,2290,2430,2866,2951,9438,3531,4570,15324,4017,3712,3715,2962,3096,3282,2738,2957,3972,5021,3379,3832,3161,3272,3160,3956,5430,4800,3748,3477,3360,3805,3930,4171,4054,3434,3621,3049,4019,3816,3266,6161,5093,3411,2888,3927,3580,3420,3351,2853,2588,2785,3719,3249,3741,6176,5658,4054,4766,4707,7082,3393,3285,4457,4741,7041,4778,7793,7181,4528,4040,4857,7048,6999,6136,3902,5119,7141,4766,3008,5453,4303,3041,3626,4917,3197,2497,2844,4332,3195,3830,3748,3364,5415,4254,3786,3104,3263,3426,3418,2822,4549,3597,5144,4500,3273,3517,2309,2515,3689,2750,2670,3013,3063,2617,2430,2533,2516,2445,2484,2388,2112,2138,2539,2889,2609,2595,2715,3232,144813,5839,4029,3355,3115,3008,2720,2414,2880,2653,3159,4543,2849,2328,2906,5944,3131,2779,3196,2577,2892,7314,4807,2876,2493,2399,2558,4466,5000,3755,2677,2466,2855,2520,3570,5339,3345,3203,2452,2244,2233,3309,7481,3506,2529,2401,2079,2130,2030,5532,4645,3307,2589,2421,2061,2364,2021,2148,2190,2133,3225,5807,2138,2071,2194,2806,3097,2850,2060,1936,2143,2248,1918,2210,3930,3227,2375,2299,2543,2281,2135,2599,2421,1830,1863,2553,2142,2200,2612,3178,2154,2641,2438,2173,1960,2336,2205,1604,1709,3635,6674,2257,3338,2030,5065,4932,3453,4574,2355,1922,2933,2287,9306,3911,2673,3581,3663,4368,3928,4517,7107,3345,4427,2622,2891,2754,2046,4143,3174,2929,4743,3920,2258,3529,2645,3521,6350,3196,2977,2185,2636,4072,3635,3217,2718,2279,3070,2028,3705,2641,3615,5117,4403,3190,2220,2363,3091,3671,2985,2442,1684,1984,2141,2281,2347,3546,2467,1758,1995,2427,2200,2915,4081,2119,1798,2005,2880,2198,2616,2977,3052,1701,2159,2701,2972,5553,3569,4461,2704,3744,4689,3402,2734,3546,3627,2753,3152,4010,3694,4125,3187,2967,2262,2581,3318,4726,3910,4706,4311,3818,4242,4550,3554,3785,2633,2896,2346,4523,3024,4565,4808,3771,2553,3018,3560,3184,2902,2365,3720,3248,3178,2518,8029,3012,3689,5047,3526,2249,2973,4910,3424,2876,3419,2676,1963
"Main_Page_en.wikipedia.org_desktop_all-agents",11952559,12344021,11195848,11982470,12379684,14164829,12917172,11089923,12067334,12432233,11882945,12253428,12738498,11694225,11873164,11992387,11394777,10554238,10863617,12626845,12027958,11834812,11933800,10998941,11517824,12725494,12613937,12282177,19992758,10983413,10607010,10701424,11692178,12084959,12912869,12785963,12645883,11781843,11876698,12111366,12600744,11053653,12040306,11793868,12108853,11932499,12145922,12997922,12723385,11572781,11896328,11691666,11415654,12455488,12852759,11311229,10866950,10717700,10199458,10414716,10735051,13241376,10866744,11126063,10620735,10015372,10338196,11511366,12556328,12479012,11405088,10927989,11325249,11571993,11624711,12147274,12120262,11205635,11009409,10537874,10514034,11982295,13429629,11536288,12199779,10593691,10573566,10667467,11170397,13012719,10397861,12437997,11884430,11231809,10866682,11352019,12187700,11051030,11491340,11591098,11075343,11115668,11145582,12731520,12154549,11413819,11409325,10643703,10667171,11529865,14190651,13267649,14069187,13980509,11593374,10160018,12648619,13414449,13659640,13349729,11680728,11130511,10933586,10747199,14263839,13924403,12810047,12483429,10916965,10306344,11162604,13713104,12565358,12053247,11708701,11094792,10875541,11882439,13930990,12735035,12847299,12058384,10622870,11775140,12240558,13633792,12386305,11795533,11182725,10935858,11971104,12031057,14267281,13071605,11307347,11748715,11066933,11196851,11256947,14080916,12896728,10999111,9702310,10563834,9181061,11249742,12201206,10353885,10535494,9648070,9539733,9737598,9659776,11054719,10728817,10911360,10231523,9037585,10657856,10294679,11872807,10508169,10253431,9938731,9170612,10333223,10160444,12163450,10957266,11417741,10467866,9820057,9665577,10513942,12496000,11930910,10848858,11598174,11043005,11742559,12109434,13037690,13250823,12352596,12610459,10571261,11073542,11100558,13734141,12069357,13018581,10965907,10921481,10746903,11803978,13965237,12754120,12686411,12256824,11567957,12306612,12853011,14474433,14177069,11584432,9827782,10477384,11100267,12414345,13926896,14437460,14363398,12748142,11657576,11604756,12300914,14306055,13086709,12963698,13292756,12120044,12617744,13649510,15512692,13910498,13483757,13051751,11642218,12649183,12189305,13336611,12565316,11727974,11208560,9867663,10339705,8693842,12870345,11068586,10564902,10350846,10263491,8718935,8091010,9652693,8819493,9293970,8937119,8373912,8769689,9338139,11674002,10015938,9661843,8915350,8091205,9488202,10427940,12531466,11470276,11547859,11358696,10714095,11646912,11770144,13726448,12898741,11451401,11453145,10781930,11382320,11702652,14485056,12952001,12247927,10229361,10018828,11177771,12283817,14716730,12438996,12233641,12473206,10640040,11777106,12622325,14159607,13607978,13112487,11347491,10996219,11793788,12284710,13814903,13072960,12623596,12921735,11303462,12496833,13395442,15615464,13492528,12664802,12326847,10892322,12482720,10055007,14142990,12998129,13490878,12662915,10968295,12690565,13555072,14110468,13761231,13390007,11992808,10818415,10300968,13328023,15027202,12803315,13134400,12371638,11000753,12553879,13842253,16256943,15191420,13386186,12353807,11117349,13177209,13751910,15640346,14483011,14538360,14288722,12504182,14098393,14850970,13359608,14923570,14330879,15284126,11799771,14726188,15268441,16358399,13635576,9353139,9666622,10928455,13321291,14949220,16179253,15023274,14223485,14164381,12895992,15150470,15639002,17152011,15873863,29040989,46255825,53539209,54222611,56957367,62174277,62288712,60219138,59441638,55823194,54094820,57155401,61194103,58226206,48015679,40842948,42688635,46288160,48434737,54184613,53958931,56128277,55653159,54259043,54844149,54716080,58283418,51799435,20144431,17641515,15598010,18353474,19026774,21132358,20679835,19379027,17517033,16101030,20614603,21528407,24485880,26321123,26439249,26778026,24650309,27613249,26892058,24109076,23183746,20132960,18422226,15950112,18436994,18739644,16224420,18764888,19226582,19121994,16200959,18920693,19335759,20994669,16245679,18543887,17943725,15904652,18307310,18955283,19877904,20259037,19222456,18083895,16244570,19296487,19000071,21303337,22218418,28016360,29272771,16913277,18962028,19878003,20923488,15777579,13941844,17565576,17416633,20322014,20508055,23067633,21294395,19733870,18276424,16341545,19368869,19528416,21362244,20223217,19520894,18408285,15908605,18635628,18809007,21097051,20088742,19830163,18680816,16902735,18960182,19196198,21009885,20367321,19986696,20211871,16823642,19511194,20332546,21690081,20281823,20069760,18415172,16607238,18944330,16394904,20531358,20127316,18769266,17224361,16106223,18863816,18069969,17369592,18847267,16428610,17327231,15739077,18683102,18567083,21194196,19716093,18860027,17971691,15642116,18870953,18865437,20712721,19684441,18711261,16900329,15810186,14645315,18255116,20992533,20252128,20711251,18583108,16634676,18554711,18918826,21473188,20065005,19751910,19211634,17100925,19591761
"Orange_Is_the_New_Black_en.wikipedia.org_desktop_all-agents",28486,26685,22238,21463,22102,27888,25434,24199,22365,19775,16195,18348,22119,18841,16980,18036,16629,14285,15595,18689,16689,15626,14650,13499,12020,13052,16159,13701,13620,13319,11898,10505,11269,11694,12489,13295,12682,10562,8955,10435,11220,10852,10264,10339,9685,8517,9598,11070,10510,10369,9704,9326,7898,9237,11152,9755,9193,8665,8317,7843,8755,9918,9240,8460,8704,7818,7505,8246,9253,9480,8161,7920,7703,7144,8104,9276,8485,8207,8764,7701,7437,8582,16524,12568,9848,9036,8906,7744,8433,9210,8655,7954,6217,5914,5639,6322,7272,6286,6464,5877,5678,5221,5619,6735,6595,5732,5870,5171,4842,5548,6175,5772,5380,5933,6021,4862,5906,7089,5900,5628,5483,5404,4519,5067,5906,5353,5751,5939,5486,5070,6309,7619,7735,7135,5539,4724,4293,5561,5479,5176,5108,5006,4837,4221,5116,5716,5484,5816,4744,4901,4791,5443,6332,6224,6232,6568,8064,6161,6477,7609,6844,6849,7323,6695,5835,6351,7570,6976,6791,6325,5765,5012,5243,5661,5151,5320,4248,3550,4617,5403,6787,6574,5698,4703,5131,6283,6462,7585,6849,6823,7876,7177,6116,7096,8357,6924,6733,6209,5747,5286,7292,9776,7537,6577,6290,5837,5411,6245,7002,6011,5669,6106,6833,5767,9767,8814,7304,6411,6189,8614,6751,6522,6666,6839,6297,5756,5831,5271,5552,6478,5657,5773,5165,5082,4553,5335,6336,5405,5368,5275,4829,4300,5422,5613,5529,5149,5478,4982,4521,4927,5328,5076,4771,4512,4769,4610,4945,5421,5123,4767,5243,5095,4242,4803,6314,5161,4530,5212,4790,4320,4444,5239,5087,4695,4912,4346,4196,5026,5748,4977,4978,4685,4470,3858,4695,5223,4954,4773,4561,4373,3748,4495,5194,5339,6075,4615,4135,4081,4521,5136,5319,4949,4877,4478,4233,4447,5352,5066,4797,4601,4652,4573,5242,6014,11724,9202,6602,5174,5012,6174,7217,7286,6758,6268,6114,5542,6259,7913,6565,5774,6115,5950,4819,5370,5972,7002,7058,6617,6573,5785,6356,7573,7818,8312,8676,9897,7894,9038,10406,10420,11880,16219,51153,58808,57033,57483,52452,44943,39432,33244,29615,31312,42627,29990,27921,26797,28010,21779,22807,24566,26568,21486,18115,15887,13836,14149,17629,15881,13853,13645,12188,9910,11172,13942,11910,10784,10273,9226,7801,8714,11115,10387,9531,8908,7962,7195,7893,9822,8493,7679,7504,7286,5987,6218,7334,7038,6441,6539,6167,5317,5650,7245,6816,6843,5882,5803,4845,5427,7097,6528,6274,6031,5901,5093,5953,6793,6468,6329,5644,5573,4766,5623,5932,6146,5695,5524,4930,4502,4804,5969,5776,5364,5018,4844,4189,4820,6696,5150,5197,4896,4346,4070,4287,5074,4420,4446,4191,3791,3540,3768,4575,5254,6209,4772,4284,3480,4151,4429,4426,4224,4073,4042,3523,4314,5073,4344,4196,4051,4125,3403,3983,4465,4396,4190,4255,3775,3136,3478,4190,3870,3912,3925,3948,3404,3657,4289,4038,6564,4834,4001,3693,3812,4457,4192,4033,3704,3568,3369,3994,4310,4024,3780,3240,3180,3192,3687,4426,4139,4046,3852,3404,3125,3746,4201,4172,4011,3929,3559,3168,3636,4511,4207,4041,4062,3911,3392,3411,4257,4074,3817,3674,3397,2621,2502,3204,4041,4456,4375,4276,3640
"Howard_Hughes_en.wikipedia.org_all-access_spider",137,113,53,56,45,113,94,97,127,93,83,58,49,41,71,62,109,71,54,47,38,82,90,28,51,54,80,100,60,59,68,47,52,55,80,54,25,25,59,42,30,31,65,57,30,43,45,58,25,46,55,56,56,65,58,36,38,42,31,38,37,23,39,62,34,37,22,59,53,21,111,28,27,43,49,71,139,40,53,47,52,57,104,52,59,72,62,32,61,55,56,92,55,65,67,108,73,65,61,33,63,69,85,72,95,91,114,86,78,1249,37,42,49,36,57,56,58,71,85,50,58,34,31,34,69,57,49,63,55,48,44,53,81,71,64,73,84,53,52,37,59,56,63,53,78,94,75,44,74,55,57,56,63,113,118,68,125,54,46,69,50,56,95,224,173,104,59,90,66,67,75,101,163,109,72,86,198,85,66,90,79,76,72,174,406,504,164,160,258,142,84,82,98,59,68,57,61,106,65,56,61,68,90,62,70,60,171,73,80,83,79,100,105,51,77,87,80,95,61,64,49,78,55,170,108,102,56,64,69,73,58,78,101,74,66,70,109,91,91,109,105,125,140,155,118,101,133,98,131,102,78,81,92,77,64,59,121,76,49,79,94,71,75,122,57,75,70,55,90,122,89,61,45,88,84,160,661,1027,684,856,860,61,329,68,60,69,78,68,78,99,52,57,56,71,56,63,57,96,59,70,55,64,71,60,60,871,75,114,68,91,91,111,64,107,210,67,53,71,144,52,96,49,58,105,74,61,71,81,70,75,61,58,89,64,51,84,50,115,86,72,109,168,102,79,84,129,209,110,126,111,86,80,118,94,102,139,136,115,99,98,146,134,134,87,81,86,74,67,53,65,57,67,201,69,126,163,113,76,52,86,70,59,74,61,87,61,77,85,76,89,60,75,107,81,102,76,51,92,64,95,68,68,45,60,66,73,75,85,66,83,87,65,43,45,38,52,56,173,91,63,68,81,109,96,203,100,112,67,88,83,92,86,113,123,76,105,85,97,75,82,95,113,48,65,78,54,96,79,120,87,52,71,65,80,80,110,102,103,93,65,52,85,67,94,57,60,112,164,68,98,108,252,140,66,134,74,107,86,105,104,85,81,74,63,250,102,126,102,60,84,97,179,114,77,225,68,76,104,69,122,96,74,93,57,67,63,43,67,70,75,89,66,78,165,80,109,69,52,76,63,81,63,70,140,79,68,80,62,73,105,347,467,78,123,69,90,64,101,164,94,64,319,172,79,184,153,132,82,113,91
"Main_Page_en.wikipedia.org_all-access_spider",17207,14756,18837,37468,21366,26924,29064,19440,33251,36661,36173,17237,25753,32758,26602,24875,18428,19810,20290,12171,24312,18815,12925,11528,17502,11296,25229,13057,21956,15956,13716,15976,15511,15260,30753,12673,25553,26397,20211,28977,15936,28733,35411,46699,55744,48700,38400,18265,22686,31465,30104,13905,21016,22348,28704,21119,23859,29642,37203,31718,25024,14984,12622,11096,10276,13384,12556,11796,10637,14319,11421,27564,9921,9538,9922,10821,10068,142177,167699,127700,141847,155185,168202,164297,212113,189175,162983,179340,141415,132105,126524,144922,136646,173422,265271,135834,136128,156208,142594,130544,133817,144818,144937,155788,161244,163392,152531,138475,133196,137301,146564,140463,151952,153420,135004,132841,146513,152976,144501,203664,231222,217670,210059,209796,219355,182393,211057,269728,210088,204208,216945,222996,315561,213890,206177,255387,264843,252760,219272,206460,142856,182012,176777,186634,238917,168295,292286,247178,143765,195330,172694,159223,186085,203526,287134,353412,262806,163256,176849,231941,246628,212756,203750,235739,219864,189040,174171,184628,181637,228272,223299,236900,149346,180939,141208,183429,173592,113118,151042,129338,159853,198086,150942,117011,130982,149204,140149,154866,142683,165047,161770,215050,150890,136941,175203,156779,201563,132372,145482,225186,155835,130584,146013,133150,140361,161013,181973,177713,154632,164032,191931,107868,133324,147859,102325,141869,150982,165240,142237,133187,184949,124588,288171,977133,149337,216962,168758,126434,132474,148978,134909,445867,138078,115926,114590,126425,111993,124236,135863,123633,215106,121164,173995,195466,172146,207632,155542,129072,143531,128252,176138,243052,170074,155041,115510,149100,123825,124980,109531,102924,129831,96054,90747,111420,143219,126215,120703,97159,105542,113719,105282,164772,129190,118634,108275,171605,175432,113460,115350,117865,118684,99896,105666,146163,161252,143150,147178,152855,180790,103146,99897,108073,108927,123136,118175,103039,102341,106340,128423,140495,148808,106078,102847,177057,105430,128183,136292,114831,107092,109844,107435,126012,157241,270109,333722,408004,243978,211828,155489,126365,295018,98191,110413,102466,114052,116922,120299,187639,117854,108297,104920,108862,202145,98223,97259,91752,96620,97437,106549,100381,105052,153148,114680,111007,105936,117735,129587,124261,253221,134004,125755,105775,128263,95616,117613,116218,150801,181688,118882,107326,175744,118708,123376,114986,108627,119214,109156,132770,430832,168775,109917,117578,105043,111118,119792,112826,89209,120108,116181,107676,107296,113479,109668,105357,117807,113673,124737,90787,119576,139465,108503,97956,105462,113644,221773,118766,108046,287573,136088,131257,129404,122592,134913,119931,116116,124266,141638,117446,123257,105418,115768,103986,122528,112264,104738,109922,93730,101252,116837,112680,100206,119968,100390,1886140,1781520,2582292,4883584,6794867,7793749,8893183,9162565,8300939,3447183,2633321,983208,84250,91275,118533,92889,98317,127720,113078,112180,138519,126656,121480,137106,121282,169755,117912,116433,107795,113496,123024,116132,138798,130131,129507,148519,127354,127950,119583,122263,130268,119604,124258,142307,136314,131491,120390,119387,118176,100463,109401,130726,112589,111427,125142,96500,81636,99704,108890,165397,143471,144718,136436,137195,140895,113848,96835,111019,100340,94996,91156,100129,102510,103090,428763,1774916,131932,92822,91627,92978,98380,99214,106646,146220,84522,88945,85178,83050,92205,98469,103465,116849,110358,101544,99576,93282,91643,79251,80215,78684,98800,144293,86358,89060,89257,86139,83199,88554,86409,85491,73431,80136,93884,81203,81171,99785,90154,97012,107939,109537,106888,88297,78388,72956,80999,102499,77108
"Orange_Is_the_New_Black_en.wikipedia.org_all-access_spider",168,132,134,159,126,146,164,163,148,129,86,142,100,169,112,163,150,90,114,99,137,58,69,67,64,56,41,73,203,137,139,75,118,84,238,1532,2094,638,72,35,28,58,49,62,45,43,153,74,37,70,107,48,28,44,27,101,92,53,38,63,47,65,76,35,50,73,71,23,24,21,28,22,40,27,52,30,34,126,93,92,124,162,167,165,187,153,136,102,156,122,75,109,58,128,65,64,71,114,57,41,61,54,50,64,53,57,122,92,67,74,197,76,104,87,86,67,92,66,67,82,68,93,59,68,110,110,105,142,85,59,68,70,78,115,52,60,91,90,96,73,69,57,63,48,61,60,61,146,77,58,45,77,80,98,61,168,121,88,82,115,71,72,149,94,135,126,71,93,122,124,93,94,137,69,113,147,83,103,70,75,82,87,106,96,512,276,188,175,150,178,82,99,86,103,125,92,123,55,66,56,91,124,146,158,217,94,65,109,89,93,81,73,78,183,212,110,92,150,60,117,65,92,78,123,104,114,233,82,112,69,62,84,77,68,53,75,72,94,131,98,92,81,79,77,86,142,97,80,60,71,71,77,85,72,54,56,84,96,108,90,109,96,126,90,447,409,112,90,91,102,63,74,96,76,92,140,369,380,278,304,332,71,79,84,82,78,110,109,227,132,56,44,94,65,102,63,74,53,52,76,154,97,50,56,50,77,147,138,131,90,78,89,47,119,361,322,71,79,62,73,55,51,80,64,54,117,101,195,92,50,94,43,46,58,41,100,145,76,77,77,76,62,70,76,122,68,108,59,94,95,89,153,508,469,275,233,306,222,188,241,308,132,148,150,177,98,230,173,142,301,177,176,94,159,161,277,213,130,100,90,78,60,84,94,70,96,58,138,105,81,105,109,99,149,80,73,80,117,111,52,78,60,67,48,69,58,72,85,100,75,53,82,98,47,77,61,42,55,61,48,63,46,66,140,53,97,87,112,128,79,105,111,179,79,151,61,63,244,65,167,74,114,175,75,69,72,74,63,84,92,88,78,96,83,74,87,91,89,67,71,76,76,83,116,66,81,76,80,62,84,84,87,61,84,170,58,88,90,66,80,77,54,58,58,55,68,90,72,72,51,86,82,73,61,64,95,70,211,74,83,73,54,64,81,104,84,98,95,52,79,63,87,64,60,49,124,70,112,65,78,62,56,54,61,84,58,37,90,65,92,72,48,91,75,113,133,82,85,98,65,69,62,62,74,67,51,123,86,67,76
"Howard_Hughes_en.wikipedia.org_all-access_all-agents",109821,13122,13227,12885,14791,23786,11000,9272,29546,11244,11209,12403,10301,7849,7249,7674,7735,10476,11786,8958,7241,8637,6796,7083,15424,14100,10182,7505,6796,7018,6299,7418,8518,7228,7037,6643,5907,5935,6574,8200,6644,6329,6752,6190,5909,6327,7304,6802,6848,5821,5480,6235,6676,8334,7918,6134,5638,5455,5162,5672,7656,6323,5481,5165,5352,5686,5844,7097,8965,11541,9105,5514,7351,11947,9139,6527,5761,5456,5078,5197,5651,8357,6051,5892,9052,6127,5111,5498,6762,6046,5944,5628,5159,5791,6490,8567,5985,5050,5142,4981,4920,5767,6464,6028,7511,6294,10563,10691,7270,12378,6925,5620,5306,5247,5944,7861,7539,6097,5771,5212,5199,5067,4792,6116,12261,9504,6025,5927,9914,9736,8200,7535,6255,6178,5845,5707,7545,7254,6605,6082,6453,5993,5392,5628,6670,7121,5588,5411,5705,5946,7699,8126,7039,5941,6099,5597,6258,6829,8590,7436,6926,6738,6649,7429,8600,9040,7952,7148,6356,6886,6251,7264,7951,7991,6794,6828,8325,7545,9123,9391,9754,9680,14877,13360,13155,32212,17084,11090,8967,7637,9208,8742,9414,10217,10324,10176,8870,10578,8964,11980,11490,11493,12084,13969,10153,9507,12321,14784,11547,13385,11060,8850,10666,10712,14167,11259,8171,14341,15384,10166,9788,14516,11239,9380,8874,7283,6854,9525,15600,9722,12251,27462,22599,14057,24753,21262,30325,9120,8323,15440,17983,39937,19756,20728,24862,12638,11312,17844,38000,37462,23230,11847,20821,29689,17381,10353,26322,13774,7967,10135,18884,8662,8666,9639,17385,9032,13660,13358,11431,24379,20767,13793,8192,8852,10647,11794,7759,15387,8553,11161,8919,8772,7994,7082,8117,11130,6173,6159,7320,9923,10276,7474,6444,5617,5397,5664,5713,6171,6843,5750,6147,6305,5720,7537,8651,234871,14545,9873,7448,6942,6614,6788,6463,6080,5414,8723,8926,7067,6211,9190,10476,6438,6004,6457,5474,10153,31365,13458,6465,5620,5302,7204,21767,24247,14512,6509,6488,7777,7449,15372,23325,9803,7750,5916,5046,5621,14385,38592,10089,6122,5722,5223,5379,6168,26308,16156,7900,6158,6317,6103,8565,6864,5548,5235,5220,9712,21993,6773,6467,6465,7837,10775,6298,5312,6527,6894,5702,4779,5363,10270,8357,7224,6781,6210,5300,5082,5334,7502,6549,5995,5857,5054,5155,7194,6723,6363,10527,6149,5165,4614,5085,5067,4857,5576,16390,38752,6317,12897,5699,33842,28992,15269,20666,6399,5083,11713,11944,62523,11688,7550,14258,14903,23629,22132,26858,33866,9171,18986,7467,12152,11820,7509,23537,9203,9490,23026,20754,9241,17864,7129,12153,32185,8318,8072,7172,8982,14049,12808,10150,5919,5363,16078,6599,12230,6244,9487,21319,17511,14556,8128,5928,9108,14807,10812,8100,5300,5838,5093,4936,5209,6797,5307,5638,6341,5625,4959,5690,7871,4839,4980,5903,10065,5080,5443,5782,6473,4969,6170,5770,10397,14451,6870,17895,8824,15015,15409,8345,7822,9754,10682,10722,13987,11974,10693,14994,8520,8250,7843,9717,8747,10785,10916,24305,14910,16676,17065,13220,9147,11884,6944,6966,7721,23571,7678,8997,11902,10508,5964,14613,13958,6992,6351,5351,15136,13400,14964,10407,42494,7776,17013,26849,16366,7070,17528,36762,14378,8630,12027,8319,6787
"Main_Page_en.wikipedia.org_all-access_all-agents",20381245,20752194,19573967,20439645,20772109,22544669,21210887,19107911,19993848,20201821,19697811,20232622,20516284,19701242,19563106,19658463,18989969,18364385,18825015,20338627,19740114,19536361,19620144,18639334,19317992,20404878,20155604,19891238,27562967,18497101,17928619,18184589,19406979,18952314,20533464,20246181,20060143,19118751,19440903,19711586,19852185,18373717,19389981,19189292,19448047,19307161,19678502,20307325,20082806,18899128,19086124,18898178,18795849,19889634,20207892,18560859,18092700,17864810,17294989,17841510,18196735,20550338,18080223,18416432,17852452,17481223,17902157,18996520,19742704,19648010,18609461,18072668,18555510,18931481,19064493,19220060,19269602,18231321,18204057,17712486,17854066,19607284,20802582,18833659,19586929,17953503,17808689,18096935,18695801,20307223,17538877,19702450,18840697,18537731,18301278,18939702,19282653,18265253,18840988,19047312,18440817,18938321,19121832,20286343,19559575,18802022,18822460,17868389,18036102,19028520,21347607,20669053,21553554,21469391,18919155,17532501,20101332,20545890,20892326,20538568,18817869,18179530,18120563,17973094,21329021,21050933,20017882,19777471,18059062,17536850,18536679,20775262,19631183,19202046,18796807,18115623,18071079,19122767,20877193,19786022,19888465,19153768,17571728,18951935,19460547,20561700,19454519,18815903,18137351,17900461,19148652,19277043,21366420,20099427,18205049,18574825,17961520,18167049,18411552,21106509,20075408,18032665,16571493,17547647,16255060,18341734,19253442,17266631,17619356,16540916,16280140,16650087,16678204,17800819,17440969,17778614,17208838,15979689,17885213,17404526,18944273,17566644,17379479,16956025,16357307,17614566,17537448,19232035,18142931,18377878,17277663,16437934,16439118,17278324,19101592,18446226,17198241,18142839,17463095,18220069,18696825,19388247,19658939,18722000,18927908,16902280,17528883,17619260,20102379,18640556,19257875,17268076,17158376,17088067,18357890,20277797,18918364,18859009,18481040,17843144,18587860,19309521,20739786,20397500,17795970,15992018,16617595,17480703,18726755,20032776,20575541,20476918,18843191,17769660,17818972,18605493,20419679,19124130,18960222,19336523,18111279,18717099,19800231,21580285,19914759,19662849,21093766,17953831,19490845,18435284,19338545,18439356,18144431,17279017,15675061,16375523,14680683,18617818,16794809,16286673,16038697,15873151,14503762,14020835,15315617,14483494,15114546,14594564,14088380,14588211,15326802,17449545,15724981,15307228,14506700,13658940,15130113,16171487,18152644,17002940,17028051,16822207,16176598,17166429,17373626,19206658,18442388,17128951,17172743,16607812,17183260,17533692,20146900,18546540,17679779,15695601,15575135,16668345,17780974,20181132,17808242,17623987,17918962,16022991,17187067,18196421,19709578,19145762,18694402,16769543,16408249,17230836,17879665,19255988,18923790,18153008,18433840,16814146,18159419,19180693,21098266,18961184,17964589,17644337,16155338,17892895,15627834,19552324,18482388,18780655,17895277,16353584,18103229,18999905,19554349,19027321,18728546,17306983,15919989,15622374,18882726,21889972,19095397,20112445,18967637,17794192,20298089,21558267,22985454,21595791,19535468,18199529,16321831,18408932,19029793,20929191,19773621,19879846,19587009,17865705,19308710,20247955,18666240,20016297,19576627,23209383,17242886,20218116,20830774,21616663,18720588,14506067,14876774,16096936,18411008,20355378,21422204,20018252,19217592,19210468,17863040,20206353,20715838,22105018,20950175,34139539,51192572,58450678,59338673,62089436,67122896,67264258,65155635,64355899,60733892,59061776,62260676,66131225,63079604,52793258,45585806,47458565,51192162,53413868,59079240,58810005,60968723,60391421,59046677,59629636,59620572,63052818,56513868,24932384,22303320,20308033,23250487,23952557,25941328,25349272,24113373,22247584,20790822,25423849,26540023,29344275,31103317,31204891,31715068,29376870,32371673,31659790,28860529,27950040,24715632,22949889,20747572,23225672,23606134,21112560,24110201,27325638,27961548,21484410,24608553,24435184,25876370,21122308,23382976,22831827,20510385,23020464,23806156,24712373,25200807,24108358,22857501,20989605,24142502,23884450,26068490,26381746,32100228,33446984,20846487,23045860,23950609,24911167,19697279,17717891,21412287,21272905,24250217,24592486,26989955,25225794,23660638,22116420,20252516,23402387,23619375,25393681,24275860,23480659,22307289,19895676,22612237,22989275,25227037,24032882,23741705,22673494,20863840,22975452,23323521,25021478,24600978,25299803,24222062,20815452,23478692,24367857,25562156,24232961,24032891,22337989,20330717,22768824,20381243,24418217,23945550,22702624,21129614,20059135,22898094,22245105,21392793,22782984,20294284,21174392,19551058,22703751,22657555,25201283,23745159,22923017,21902049,19534309,22855008,22928843,24765200,23661288,22659908,20834185,19653625,18573504,22423821,25067237,25044262,26283835,24201081,22539246,25056620,25865746,28342885,26916991,27025053,26073819,24363967,26149541
"Orange_Is_the_New_Black_en.wikipedia.org_all-access_all-agents",65947,60189,54542,53256,57029,61752,55395,53288,49484,44680,41986,47965,48843,42209,38655,38622,36556,35766,40356,40256,36887,34475,32789,30391,29762,33945,34575,30408,29826,28897,28455,28393,30017,25943,26906,27090,25567,23414,23533,26936,25522,23431,22042,22283,21844,21163,23942,23614,21804,21297,20164,19829,19946,23437,23694,20665,19102,17879,18303,18398,21237,21106,18476,17380,17527,16635,17408,19590,20212,18841,16311,15703,15257,15935,18590,18182,16041,15599,15620,14917,16059,19280,32269,22726,18111,16799,16725,16310,18107,17013,15717,14860,12659,12634,13100,14551,14842,12683,12674,11652,11609,11826,13220,13555,12889,11359,11213,10556,11049,12687,12018,10851,10700,11244,11541,11315,13958,14038,11918,11086,10712,10987,10496,11825,11557,10667,10844,11172,10743,11546,13605,13869,13314,12718,11091,9792,9551,12110,10711,9654,9397,9380,9211,9450,11241,10860,11015,10681,9344,9731,10524,12116,11926,11061,11016,11339,13594,11591,12901,13315,12075,11995,13027,11961,11913,13181,13342,12860,12264,11350,10574,10717,11976,11349,10588,11145,9651,8280,12105,14409,16338,15166,14060,11819,13150,16643,17435,16647,15145,14129,16281,15429,15437,17999,17744,14574,13845,13245,12447,13469,19318,20966,16251,13948,13361,12653,13698,15929,14729,13018,12398,13388,14026,13903,25221,17901,14771,13355,13215,16863,15964,15612,13218,13658,12721,11974,12261,12878,14271,14420,12101,12180,11384,11382,11543,13397,12984,11336,11043,10589,10016,10737,13177,11439,10793,10504,10958,10179,10441,11913,11091,10702,9516,9363,9736,10421,11715,11016,10197,9503,9938,10546,10540,11732,12295,10035,9134,10041,10295,9769,10614,11483,10156,9275,9502,8835,9335,11418,10896,9664,9446,9261,8838,9107,10849,10307,9494,9382,8890,8625,8581,10261,10309,10363,11095,9287,8989,9717,10881,10496,10323,9985,9858,9492,10096,11263,11143,10327,9796,9936,9371,10037,11402,11489,21836,18831,13526,10978,11421,14143,13931,13732,13015,12348,12208,12494,14424,14633,12636,11599,12129,11927,11719,12904,13586,13903,13883,14217,14260,14267,16777,16673,16424,17452,18104,20304,19429,21804,22428,22298,25779,36180,117737,155185,154464,134143,126219,110383,98378,83333,83941,90752,86838,71330,67310,62167,60852,56173,59166,59780,56721,51498,44161,38997,38171,40033,39850,35811,31931,30561,28176,26995,29978,30305,26159,24032,22977,20903,20327,23328,24626,21953,20672,19537,18020,19168,21652,21719,18894,16964,16414,16035,14834,16502,16105,15067,14041,14067,13622,13364,14992,15808,14326,14262,13133,12808,12532,14840,15029,13867,13096,13089,12951,13142,15444,14607,13634,13156,11889,12022,12553,14044,14023,12835,11449,11277,10422,11122,12156,12039,11409,11051,10266,10164,10060,11638,13022,10507,9947,9803,9020,9612,10899,10486,9034,9031,8629,7998,8163,8906,9153,11355,12996,9562,8898,8689,9709,9392,8917,8513,8267,8351,8491,9921,9658,8611,8375,8000,8698,8063,9477,9121,8867,8472,9135,7903,7979,8976,8441,7961,8054,7866,7985,8178,9014,8722,7992,13044,10089,8551,8791,9387,8917,8525,8185,7668,7608,7825,9212,8701,7845,7900,7324,7279,7832,9368,9166,8501,8272,7900,7283,7581,9082,8612,8279,8121,7891,7502,7524,8667,9150,8396,8175,8310,8016,8014,8620,8849,8396,8028,7834,7809,6766,6436,8418,10037,10419,10390,10681,10787
"Howard_Hughes_en.wikipedia.org_mobile-web_all-agents",34167,7528,9092,8738,10442,16285,6251,5350,19716,6468,7381,8512,5946,4551,4184,4451,4480,6953,8089,5504,4196,4617,3762,4169,11098,9831,6163,4150,4066,4194,3693,4880,5599,4087,3855,3549,3133,3240,3989,5469,3905,3437,3802,3530,3349,4094,4736,3703,3810,3213,2954,3373,4196,5408,4531,3287,3040,2779,2689,3464,4945,3511,2885,2664,2671,3106,3771,4615,5986,7515,5544,2991,4128,8476,6227,3770,2912,2929,2626,2891,3618,5644,3285,3145,5656,3540,2736,3422,4264,3280,3108,2818,2567,3295,3738,4974,3067,2479,2539,2384,2590,3589,4015,3390,4350,3504,6910,6952,4662,7677,3755,2891,2735,2767,3306,5153,4787,3379,2932,2613,2712,2767,3008,3703,7454,5681,3304,3221,6552,6497,5374,3764,3136,3448,3079,3103,5024,4691,3737,3294,3724,3094,3006,3516,4280,4183,2858,3055,3459,3791,5141,5341,4075,2992,3209,2929,3413,4190,5338,4183,3801,3716,3713,4273,5595,6035,4644,4077,3467,3635,3477,4927,5277,4862,4107,4292,5164,5339,6688,6794,6708,6578,5287,9566,8404,16570,12790,7191,5110,4562,5966,5289,6476,7092,6174,5014,5373,6600,5679,8474,8135,7357,6500,8865,6236,5867,8717,10722,7432,8975,6817,5271,6870,7445,9882,7222,4772,8045,10048,6586,6692,10297,7453,5794,5383,4301,4176,6579,11598,6318,8336,20816,16612,9768,19452,16131,22734,5580,4915,10744,12966,32156,14647,12611,17262,7894,7084,12641,30227,29824,16684,7750,15310,22058,12338,7131,20330,9250,4807,6335,13606,5323,5996,6584,12709,5674,9593,9346,7871,18497,16083,9724,4914,5435,7019,8159,4781,10577,4814,5863,4287,5361,4345,4631,5456,7251,3328,3395,4171,6664,7495,4879,3807,2990,2877,3091,3243,3950,4569,3125,3169,3606,3049,4720,5297,89428,8227,5364,3922,3675,3458,3923,3894,3084,2675,5410,4275,4097,3740,6063,4330,3188,3114,3135,2791,7068,23469,8472,3467,3004,2794,4463,16808,18843,10532,3706,3884,4717,4757,11466,17550,6267,4367,3360,2700,3253,10788,30460,6421,3466,3209,3053,3136,4005,20256,11190,4431,3459,3777,3928,6034,4708,3308,2960,3004,6291,15818,4501,4242,4139,4877,7479,3320,3138,4448,4600,3345,2759,3040,6159,4997,4685,4347,3548,2917,2849,2668,4944,4593,3990,3192,2819,2869,4460,3439,4049,7648,3612,2906,2573,2665,2761,3131,3759,12441,31416,3981,9349,3542,28100,23584,11511,15760,3934,3068,8565,9411,52038,7495,4698,10394,10971,18803,17846,21733,26135,5666,14219,4716,9024,8873,5321,18957,5883,6389,17908,16485,6832,13991,4384,8434,25326,4993,5003,4867,6196,9759,8969,6774,3128,3005,12768,4453,8375,3517,5743,15888,12908,11176,5797,3509,5918,10952,7726,5583,3562,3771,2895,2596,2812,3173,2785,3795,4269,3123,2702,2722,3722,2669,3120,3835,7053,2833,2781,2763,3348,3194,3935,3012,7316,8754,3241,13264,6014,11111,10598,4864,5020,6109,6867,7734,10570,7770,6837,10607,5200,5130,5417,6934,5284,5894,6844,19239,10352,12558,12506,8437,5427,7937,4200,3959,5235,18651,4523,4293,6899,6587,3308,11330,10174,3683,3346,2897,11147,9936,11537,7692,33793,4658,12996,21292,12479,4624,14170,31149,10635,5544,8409,5491,4684
"Main_Page_en.wikipedia.org_mobile-web_all-agents",8039732,8018607,7980511,8024814,7929962,7959839,7892357,7607871,7515302,7362132,7373951,7497668,7362619,7601089,7297138,7275280,7204181,7379988,7498549,7296922,7308672,7307048,7294045,7244509,7371946,7208172,7116075,7200312,7179259,7122933,6930570,7053464,7258834,6498224,7222184,7066844,7024928,6944853,7138795,7131249,6854414,6921176,6998717,7075275,7035039,7047666,7196719,7022693,7081150,7059296,6927128,6940074,7097560,7125887,7083324,6990569,6977046,6901715,6850126,7159827,7172754,7041780,6968828,7042772,6995623,7228381,7297848,7204952,6926326,6925629,6968867,6907594,6985642,7094911,7156292,6831227,6910519,6793223,6958248,6939418,7087591,7349797,7125550,7062043,7154910,7116183,6982968,7165460,7241048,7032042,6892329,7024382,6727452,7054118,7171816,7308609,6850826,6973881,7106929,7213252,7124575,7560220,7694771,7297868,7165088,7146433,7161889,6980267,7103869,7206683,6918029,7157201,7249082,7251959,7090114,7101635,7174321,6887112,6991207,6952333,6898416,6813879,6934635,6951530,6821943,6891927,6972990,7054623,6897924,6964016,7081854,6804220,6807126,6890905,6831084,6778021,6919942,6951689,6699283,6801364,6795362,6853623,6706188,6917480,6941226,6680186,6829106,6774865,6702570,6724694,6918900,6973023,6862059,6803453,6677347,6603991,6662431,6721660,6884364,6784776,6945868,6799724,6638309,6754505,6811032,6814352,6808932,6674240,6855986,6666729,6515919,6665001,6755045,6507852,6477237,6640365,6740111,6687423,6959439,6842209,6815331,6808268,6884366,6781690,6920930,7011530,7093516,6827320,6951483,6730292,6580284,6386762,6520497,6496216,6344077,6284282,6126190,6312690,6188190,6221605,6318941,6102997,6164009,6142350,6094432,6104002,6198442,6250314,6127987,6331997,6014102,6082605,6018121,6099721,6290967,6077735,5937312,5953093,6008668,6054166,6040228,6199103,6030278,6003148,5997855,5953184,5928435,6139751,6052851,5873376,5904830,5895379,5882194,5897697,5977567,6046600,5890287,5824599,5786180,5835551,5777868,5871119,5906546,5833657,5793782,5972273,7832778,6102559,6615941,6002460,5786911,5665140,6209115,5866261,5558259,5693298,5702763,5538296,5528189,5529634,5491948,5413433,5577467,5704773,5464329,5469158,5627937,5455509,5500422,5604812,5763097,5566153,5514100,5452548,5404717,5383386,5443574,5535088,5432117,5351041,5302913,5289973,5292426,5340459,5413446,5314055,5380885,5525819,5570052,5680416,5646540,5671476,5523848,5458981,5299992,5324182,5417867,5351324,5353261,5339136,5246598,5270902,5326951,5263527,5285097,5441292,5417820,5352609,5398721,5240150,5228569,5235141,5380188,5251439,5658301,5343076,5325241,5321795,5454764,5570154,5289986,5277820,5114246,5131944,5073775,5204708,5359698,5212367,5297080,5103953,5045721,5200422,5212524,5235795,5239379,5070392,5145080,5126194,4913753,5108650,5335486,6670177,6095401,6790108,6405472,6593529,7532163,7491165,6529790,6210845,5958762,5654242,5010569,5030512,5055779,5087733,5099468,5149860,5110623,5166741,5008360,5181315,5112765,4903957,5059084,7740443,5256188,5292438,5350909,5062571,4895284,4965743,5024032,4983997,4889941,5187361,5052221,4805877,4807020,4858703,4775756,4851745,4860126,4764145,4891467,4916084,4754483,4724628,4917393,4923687,4762513,4792867,4753518,4741572,4776195,4845128,4983870,4828159,4746103,4671834,4640865,4667995,4800312,4873626,4796302,4754361,4745302,4642992,4693727,4686346,4801946,4674707,4624173,4698827,4572732,4616327,4799468,4821116,4715390,4579771,4645187,4639929,4602415,4717897,4913572,4765828,4682622,4674479,4846443,4635830,4662526,4668335,4646399,4672789,4489183,4437644,4707367,4694225,4767109,4794941,5254158,8011872,8752306,5197437,5596051,5003759,4792894,4787148,4752686,4802496,4520704,4624894,4754733,4743727,4856418,4800881,4687835,4663318,4758833,4795450,4681501,4082573,4004628,4096494,3853577,3998270,3984490,3906020,3837260,3695066,3763591,3777017,3845289,3994062,3840106,3845083,3842016,3760653,3830134,3952044,4005096,3950500,3971173,3880659,3820508,3908795,3897747,4098766,4048729,3865391,3835442,3916202,3885813,3937935,4044793,3937157,4161059,5236433,3934148,3912096,3880970,3948367,3791023,3871610,3885924,3844388,3645577,3742163,3902404,3805892,3740108,3857362,3829182,3875065,3948081,4091571,3944745,3858095,3785982,3772228,3738019,3943218,4008989,3928646,3951301,3988027,3853501,3813685,3903791,3979897,3975691,3902733,3872461,3857981,3768334,3847310,4084226,3951929,3822999,3862874,3892453,3816041,3728439,4168094,4243273,4097335,4168668,4100929,4118692,3939419
"Orange_Is_the_New_Black_en.wikipedia.org_mobile-web_all-agents",35892,32162,30935,30405,33314,32487,28673,27898,25840,23722,24460,28084,25391,22233,20595,19642,18968,20471,23470,20500,19213,17950,17321,16053,16918,19844,17451,15909,15496,14918,15747,16996,17860,13576,13769,13083,12330,12290,13894,15678,13634,11968,11241,11407,11630,12087,13624,11981,10769,10397,10034,10031,11485,13550,12002,10463,9497,8831,9500,10125,11902,10673,8823,8535,8436,8436,9462,10815,10479,8949,7800,7421,7223,8387,10033,8522,7252,7084,6589,6925,8252,10221,15009,9717,7924,7404,7462,8219,9282,7443,6770,6597,6150,6405,7148,7905,7252,6087,5951,5507,5643,6315,7270,6535,6060,5394,5137,5154,5909,6850,5597,4875,5085,5093,5326,6174,7739,6681,5795,5229,5001,5356,5748,6450,5402,5088,4889,5022,5064,6239,7006,5981,5346,5378,5299,4852,5044,6249,5012,4268,4079,4161,4185,5020,5871,4922,5286,4675,4407,4655,5485,6375,5362,4634,4568,4567,5275,5178,6152,5510,5002,4952,5471,5081,5857,6567,5528,5647,5226,4844,4628,5483,6469,5467,5192,5545,5195,4537,7224,8664,9213,8278,8013,6807,7709,9927,10536,8683,7988,7014,8057,7957,8992,10458,8983,7367,6837,6777,6467,7837,11505,10706,8369,7071,6774,6536,7921,9282,7407,6722,6432,6989,6877,7806,14789,8689,7163,6689,6793,7888,8811,8686,6292,6554,6154,5924,6195,7273,8364,7658,6213,6130,5994,6085,6734,7736,6361,5688,5434,5090,4960,6166,7469,5630,5069,5150,5261,4978,5665,6682,5513,5404,4550,4639,4752,5516,6487,5330,4850,4538,4471,5212,6004,6627,5707,4630,4400,4629,5220,5243,5865,5966,4859,4397,4364,4295,4950,6130,4926,4495,4294,4409,4203,5047,5907,4886,4350,4397,4120,4099,4627,5514,4915,4843,4830,4495,4714,5445,6142,5193,4821,4849,4846,4842,5693,6571,5585,5045,4763,5106,4512,5255,5900,5248,9673,9190,6611,5534,6096,7591,6429,6131,5986,5779,5830,6599,7772,6358,5790,5553,5721,5667,6574,7154,7273,6552,6478,7229,7313,7990,9838,8687,8179,8693,8932,9884,10921,12117,11441,11320,13274,19159,63209,90618,91456,72467,69536,61814,55674,47185,51201,55847,42031,39114,37281,33694,31153,32497,34336,33158,28597,28437,24721,21852,22956,24514,20990,18919,17118,16100,15279,16273,17866,15582,13545,12629,12141,11070,11791,13842,12847,10998,10623,10134,9558,11454,13067,11305,9871,8828,8475,8316,8430,9748,8379,7688,7287,7205,7123,7663,8907,8168,7124,7059,6881,6682,7275,8961,7583,7006,6544,6759,6736,7632,8941,7405,6832,6487,5942,6167,7461,8025,7680,6401,5477,5495,5274,6303,7054,5823,5392,5458,5023,5104,5647,6548,6053,5174,4566,4739,4521,5343,6378,5219,4452,4414,4270,4076,4472,4972,4444,5908,6614,4659,4465,5083,5404,4817,4365,4183,4076,4194,4823,5451,4462,4155,4068,3846,4469,4534,5346,4535,4357,4149,4741,4046,4736,5353,4147,3993,4038,3838,3945,4658,5228,4342,3851,6354,5122,4400,4896,5333,4291,4172,3988,3832,3913,4300,5013,4252,3686,3998,3963,3947,4469,5487,4559,4200,4089,3905,3724,4300,5136,4248,3947,3941,3810,3782,4189,4812,4456,4030,3944,4057,3939,4410,4997,4422,4167,4078,4023,4246,3995,3796,5037,5792,5731,5784,6177,6886
